{
    "contactHpTitle": "의약품 부작용신고 및 피해구제 상담",
    "login": "로그인",
    "signup": "회원가입",
    "usrSwtReg": "전문가 회원 전환 신청",
    "sitemap": "사이트맵",
    "errorGuide": "오류 안내",
    "searchPlaceholder": "검색",
    "integratedSearch": "통합검색",
    "home": "홈",
    "allSitemap": "전체 사이트맵",

    "hotline": "의약품 부작용신고 및 피해구제 상담",
    "kidsHomeAria": "한국의약품안전관리원 홈",
    "kidsName": "한국의약품안전관리원",
    "sitemapTitle": "전체 사이트맵",
    "close": "닫기",
    "kidsLink": "한국의약품안전관리원 바로가기",
    "reportLink": "의약품 이상사례 보고 바로가기",

    "shutcutTitle": "이 누리집은 대한민국 공식 전자정부 누리집입니다.",

    "menuSafety": "의약품 안전관리",
    "menuSafetyReport": "의약품 이상사례 보고",
    "menuSafetyReportOnline": "이상사례 보고",
    "menuSafetyReportOffline": "오프라인 보고",
    "menuSafetyReportArchive": "이상사례보고자료실",
    "menuSafetyReportGuide": "온라인보고방법 안내",
    "menuSafetyMgmt": "의약품안전관리",
    "menuSafetyTerms": "약물감시용어",
    "menuSafetyCausality": "부작용 인과관계규명",
    "menuSafetyRelated": "유관기관",

    "menuDur": "DUR 정보",
    "menuDurUnderstand": "DUR 이해",
    "menuDurSearch": "DUR 정보검색",
    "menuDurUse": "의약품 적정사용정보",
    "menuDurNotice": "알림 게시판",
    "menuDurSuggest": "의견 제안",

    "menuRelief": "부작용 피해구제",
    "menuReliefSystem": "피해구제 제도",
    "menuReliefApply": "피해구제 신청",
    "menuReliefNews": "뉴스/소식",
    "menuReliefFaq": "자주하는 질문(FAQ)",

    "menuClinicalTrial": "임상시험안전지원",
    "menuClinicalTrial1": "임상시험안전지원기관",
    "menuClinicalTrial2": "협약 안내",
    "menuClinicalTrial3": "중앙IRB신청",
    "menuClinicalTrial4": "임상시험헬프데스크",
    "menuClinicalTrial5": "공지사항",
    "menuClinicalTrial6": "자료실",

    "menuNotice": "알림마당",
    "menuNoticeList": "공지사항",
    "menuNoticeJobs": "채용게시판",
    "menuNoticeCenter": "지역의약품안전센터",
    "menuNoticeFaq": "FAQ",
    "menuNoticeQna": "고객문의",

    "menuEdu": "교육·홍보",
    "menuEduGuide": "교육 안내",
    "menuEduApec": "APEC CoE",
    "menuEduPress": "보도자료",
    "menuEduNewsletter": "뉴스레터",
    "menuEduCard": "카드뉴스",
    "menuEduVideo": "동영상",
    "menuEduArchive": "자료실",

    "menuOpen": "정보공개",
    "menuOpenInfo": "정보공개",
    "menuOpenData": "공공데이터 개방",
    "menuOpenMgmt": "경영공시",
    "menuOpenBizname": "사업실명제",

    "menuAbout": "기관소개",
    "menuAboutGreeting": "기관장 인사말",
    "menuAboutFormer": "역대 기관장",
    "menuAboutHistory": "연혁",
    "menuAboutVision": "비전 및 목표",
    "menuAboutOrg": "조직도",
    "menuAboutLaw": "설립근거 관련법령",
    "menuAboutCharter": "고객헌장",
    "menuAboutNews": "우리원동정",
    "menuAboutCi": "CI소개",
    "menuAboutCharacter": "캐릭터소개",
    "menuAboutEthics": "윤리경영",
    "menuAboutHuman": "인권경영",
    "menuAboutMap": "오시는 길",

    "expertMyWork": "내 업무",

    "kidsAddress": "경기도 안양시 동안구 부림로 169번길 30 5층 한국의약품안전관리원",
    "bizRegNo": "사업자등록번호",
    "mainTel": "대표전화",
    "fax": "팩스",
    "cctvPolicy": "고정형 영상정보처리기기 운영∙관리방침",
    "rejectUnAuthorizedEmail": "이메일무단수집거부",
    "directions": "찾아오시는 길",
    "privacyPolicy": "개인정보처리방침",
    "termsOfUse": "이용약관",
    "youTube": "유튜브",
    "instagram": "인스타그램",
    "blog": "블로그",

    "mfdsGoKr": "식품의약품안전처",
    "nedrugMfdsGoKr": "의약품안전나라",
    "mohwGoKr": "보건복지부",

    "kpanetOrKr": "대한약사회",
    "kpbmaOrKr": "한국제약바이오협회",
    "kodcOrKr": "희귀필수의약품센터",

    "goToRelGov": "유관기관 바로가기",
    "goToRelOrg": "관련단체 바로가기",

    "announcement": "알림마당",
    "community": "커뮤니티",
    "writing": "글쓰기",
    "board": "게시판",
    "noticeList": "공지사항",
    "durInfo": "DUR 정보",
    "durNotice": "알림 게시판",
    "durSuggest": "의견 제안",
    "drugSafetyMgmt": "의약품 안전관리",
    "drugSafetyReport": "의약품 이상사례 보고",
    "drugSafetyReportOnline": "이상사례 보고",
    "page": "페이지",
    "notFound": "찾을 수 없음"
}