{
    "contactHpTitle": "Report And Consultation",
    "login": "Login",
    "signup": "Sign Up",
    "usrSwtReg": "Switch To Expert Membership",
    "sitemap": "Sitemap",
    "errorGuide": "Error Guide",
    "searchPlaceholder": "Search",
    "integratedSearch": "Integrated Search",
    "home": "home",
    "allSitemap": "allSitemap",

    "hotline": "Adverse drug reaction / Relief hotline",
    "kidsHomeAria": "KIDS Home",
    "kidsName": "Korea Institute of Drug Safety & Risk Management",
    "sitemapTitle": "Full sitemap",
    "close": "Close",
    "kidsLink": "Go to KIDS",
    "reportLink": "Go to ADR report",

    "shutcutTitle": "This website is the official electronic government website of the Republic of Korea.",

    "menuSafety": "Pharmacovigilance",
    "menuSafetyReport": "Adverse Event Reporting",
    "menuSafetyReportOnline": "Report an Adverse Event",
    "menuSafetyReportOffline": "Offline Reporting",
    "menuSafetyReportArchive": "Adverse Event Reporting Resources",
    "menuSafetyReportGuide": "How to Report Online",
    "menuSafetyMgmt": "Drug Safety Management",
    "menuSafetyTerms": "Pharmacovigilance Terminology",
    "menuSafetyCausality": "Causality Assessment",
    "menuSafetyRelated": "Related Organizations",

    "menuDur": "DUR",
    "menuDurUnderstand": "Introduction of DUR",
    "menuDurSearch": "Search DUR Information",
    "menuDurUse": "Appropriate Use Information",
    "menuDurNotice": "Notice Board",
    "menuDurSuggest": "Submit a Suggestion",

    "menuRelief": "Relief of Injury from ADR",
    "menuReliefSystem": "Introduction of ADR Relief System",
    "menuReliefApply": "Apply for ADR Relief",
    "menuReliefNews": "News & Updates",
    "menuReliefFaq": "FAQ",

    "menuClinicalTrial": "Clinical Trial Safety Support",
    "menuClinicalTrial1": "Clinical Trial Safety Support Institution",
    "menuClinicalTrial2": "Agreement Guide",
    "menuClinicalTrial3": "Central IRB Application",
    "menuClinicalTrial4": "Clinical Trial Help Desk",
    "menuClinicalTrial5": "Notices",
    "menuClinicalTrial6": "Resources",

    "menuNotice": "Notices",
    "menuNoticeList": "Announcements",
    "menuNoticeJobs": "Recruitment",
    "menuNoticeCenter": "Regional Drug Safety Center",
    "menuNoticeFaq": "FAQ",
    "menuNoticeQna": "Contact Us",

    "menuEdu": "Education & Promotion",
    "menuEduGuide": "Education Guide",
    "menuEduApec": "APEC CoE",
    "menuEduPress": "Press Releases",
    "menuEduNewsletter": "Newsletter",
    "menuEduCard": "Card News",
    "menuEduVideo": "Videos",
    "menuEduArchive": "Resources",

    "menuOpen": "Information Disclosure",
    "menuOpenInfo": "Information Disclosure",
    "menuOpenData": "Open Data",
    "menuOpenMgmt": "Management Disclosure",
    "menuOpenBizname": "Project Name Disclosure",

    "menuAbout": "Introduction of KIDS",
    "menuAboutGreeting": "Greetings",
    "menuAboutFormer": "Former Presidents",
    "menuAboutHistory": "Brief History",
    "menuAboutVision": "Mission & Vision",
    "menuAboutOrg": "Organization",
    "menuAboutLaw": "Legal Basis",
    "menuAboutCharter": "Customer Charter",
    "menuAboutNews": "KIDS News",
    "menuAboutCi": "Introduction of CI",
    "menuAboutCharacter": "Characters",
    "menuAboutEthics": "Ethical Management",
    "menuAboutHuman": "Human Rights Management",
    "menuAboutMap": "Contact Us",

    "expertMyWork": "My Work",

    "kidsAddress": "Korea Institute of Drug Safety & Risk Management (KIDS), 5F, 30, Burim-ro 169beon-gil, Dongan-gu, Anyang-si, Gyeonggi-do, Republic of Korea",
    "bizRegNo": "Business Registration Number",
    "mainTel": "Main Telephone / Tel.",
    "fax": "Fax",
    "cctvPolicy": "Policy on the Operation and Management of Fixed Video Information Processing Devices (CCTV Policy)",
    "rejectUnAuthorizedEmail": "Rejection of Unauthorized E-mail Collection",
    "directions": "Directions / Location",
    "privacyPolicy": "Privacy Policy",
    "termsOfUse": "Terms of Use",
    "youTube": "YouTube",
    "instagram": "Instagram",
    "blog": "Blog",

    "mfdsGoKr": "Food and Drug Safety",
    "nedrugMfdsGoKr": "Drug Safety Korea",
    "mohwGoKr": "Ministry of Health and Welfare",

    "kpanetOrKr": "Korean Pharmaceutical Association",
    "kpbmaOrKr": "Korean Pharmaceutical Biotechnology Association",
    "kodcOrKr": "Rare and Essential Drugs Center",

    "goToRelGov": "Go to related government sites",
    "goToRelOrg": "Go to related organizations sites",

    "announcement": "Announcement",
    "community": "Community",
    "writing": "Writing",
    "board": "Board",
    "noticeList": "NoticeList",
    "durInfo": "DUR Infomation",
    "durNotice": "Notice Board",
    "durSuggest": "Submit a Suggestion",
    "drugSafetyMgmt": "Drug Safety Management",
    "drugSafetyReport": "Adverse Event Reporting",
    "drugSafetyReportOnline": "Report an Adverse Event",
    "page": "page",
    "notFound": "not found"
}